{
  "h_mean": 0.8438157940409938,
  "h_std": 0.16833379907633733,
  "d_mean": 1.8516750396147195,
  "d_std": 0.06367350843683342,
  "stress_baseline": 0.44993499722698077,
  "samples_collected": 15,
  "calibrated_at": "2026-02-08T00:16:42.314968"
}