{
  "h_mean": 0.5076986673669032,
  "h_std": 0.05029052533954267,
  "d_mean": 1.9974323429979883,
  "d_std": 0.0039443825454394,
  "stress_baseline": 0.6612698229853751,
  "samples_collected": 15,
  "calibrated_at": "2026-02-07T18:22:06.046846"
}